id,masterCategory,subCategory,articleType,productDisplayName,homepage,keywords
35312,Personal Care,Skin Care,Face Wash and Cleanser,Lotus Herbals Neem & Clove Purifying Face Wash,https://www.lotusherbals.com/products/neemwash-neem-clove-ultra-purifying-face-wash,"face wash, men face wash, face wash with tea tree, face wash for pimples, face wash for oily and acne skin, gel face wash, face wash product, face wash for clear skin, pimples remove face wash, face wash oily, acne prone face wash, face wash ingredients, face wash for blemishes, face wash for all skin types, purify face wash, face wash for oily face, purifying face wash, facial face wash, free face wash, face wash for pimples and acne, men pimple face wash, face clean face wash, oily skin pimples face wash, face wash good for skin, face the wash, all face wash, face wash face wash, face wash combo, wash face wash, face wash for pimple skin, face wash for daily use, pimples face wash, clean and clear face wash neem, oily skin remove face wash, pimples control face wash, best daily use face wash, neem haldi face wash, men pimple clear face wash, skin purifying face wash, neem scrub face wash, acne purifying face wash, skin clean face wash, pimple removal face wash for male"
35313,Personal Care,Skin Care,Face Wash and Cleanser,Lotus Herbals Jojobawash Face Wash,https://www.lotusherbals.com/products/jojobawash-active-milli-capsules-nourishing-face-wash,"face wash, men face wash, face wash with tea tree, face wash for pimples, face wash for oily and acne skin, gel face wash, face wash product, face wash for clear skin, pimples remove face wash, face wash oily, acne prone face wash, face wash ingredients, face wash for blemishes, face wash for all skin types, purify face wash, face wash for oily face, purifying face wash, facial face wash, free face wash, face wash for pimples and acne, men pimple face wash, face clean face wash, oily skin pimples face wash, face wash good for skin, face the wash, all face wash, face wash face wash, face wash combo, wash face wash, face wash for pimple skin, face wash for daily use, pimples face wash, clean and clear face wash neem, oily skin remove face wash, pimples control face wash, best daily use face wash, neem haldi face wash, men pimple clear face wash, skin purifying face wash, neem scrub face wash, acne purifying face wash, skin clean face wash, pimple removal face wash for male"
35314,Personal Care,Skin,Face Moisturisers,Lotus Herbals Whiteglow Yogurt Skin Whitening & Brightening Face Moisturizer 80 g,https://www.amazon.in/Lotus-Herbals-Yogurt-Whitening-Brightening/dp/B00791FFD0,"lotus white glow, lotus white glow gel cream, lotus white glow scrub, lotus white glow skin whitening and brightening gel cream, lotus white glow moisturizer, moisturizer, face moisturizer, body moisturizer, cream moisturizer, facial moisturizer, skin whitening moisturizer, all purpose moisturizer, full moisturizer, massage moisturizer, lotus white glow body lotion, body lotion moisturizer, lotus white glow face pack, lotus white glow massage cream, lotus white glow moisturizer cream, lotus white glow skin whitening cream, skin whitening cream, fairness skin whitening cream, skin whitening glow cream, face skin whitening cream"
35315,Personal Care,Skin Care,Face Wash and Cleanser,Lotus Herbals Pomegranate & Plum Energizing Skin Polisher Face Wash,https://www.amazon.in/Lotus-Herbals-Pomegranate-Energizing-Polisher/dp/B007E9KWI0,"face wash, men face wash, face wash with tea tree, face wash for pimples, face wash for oily and acne skin, gel face wash, face wash product, face wash for clear skin, pimples remove face wash, face wash oily, acne prone face wash, face wash ingredients, face wash for blemishes, face wash for all skin types, purify face wash, face wash for oily face, purifying face wash, facial face wash, free face wash, face wash for pimples and acne, men pimple face wash, face clean face wash, oily skin pimples face wash, face wash good for skin, face the wash, all face wash, face wash face wash, face wash combo, wash face wash, face wash for pimple skin, face wash for daily use, pimples face wash, clean and clear face wash neem, oily skin remove face wash, pimples control face wash, best daily use face wash, neem haldi face wash, men pimple clear face wash, skin purifying face wash, neem scrub face wash, acne purifying face wash, skin clean face wash, pimple removal face wash for male"
35316,Personal Care,Skin Care,Face Wash and Cleanser,Lotus Herbals Tea Tree Face Wash,https://www.lotusherbals.com/products/teatreewash-tea-tree-cinnamon-anti-acne-oil-control-face-wash,"face wash, men face wash, face wash with tea tree, face wash for pimples, face wash for oily and acne skin, gel face wash, face wash product, face wash for clear skin, pimples remove face wash, face wash oily, acne prone face wash, face wash ingredients, face wash for blemishes, face wash for all skin types, purify face wash, face wash for oily face, purifying face wash, facial face wash, free face wash, face wash for pimples and acne, men pimple face wash, face clean face wash, oily skin pimples face wash, face wash good for skin, face the wash, all face wash, face wash face wash, face wash combo, wash face wash, face wash for pimple skin, face wash for daily use, pimples face wash, clean and clear face wash neem, oily skin remove face wash, pimples control face wash, best daily use face wash, neem haldi face wash, men pimple clear face wash, skin purifying face wash, neem scrub face wash, acne purifying face wash, skin clean face wash, pimple removal face wash for male"
35317,Personal Care,Skin,Face Moisturisers,Pond's Gold Radiance Precious Youth Serum Face Moisturizer,https://www.amazon.in/PONDS-Radiance-Precious-Youth-Serum/dp/B006TQTATQ,"lotus white glow, lotus white glow gel cream, lotus white glow scrub, lotus white glow skin whitening and brightening gel cream, lotus white glow moisturizer, moisturizer, face moisturizer, body moisturizer, cream moisturizer, facial moisturizer, skin whitening moisturizer, all purpose moisturizer, full moisturizer, massage moisturizer, lotus white glow body lotion, body lotion moisturizer, lotus white glow face pack, lotus white glow massage cream, lotus white glow moisturizer cream, lotus white glow skin whitening cream, skin whitening cream, fairness skin whitening cream, skin whitening glow cream, face skin whitening cream"
35318,Personal Care,Skin,Face Moisturisers,Pond's Flawless White Visible Lightening Daily Face Moisturizer Cream,https://www.flipkart.com/ponds-flawless-white-visible-lightening-daily-cream/p/itmdy9m5pguxbzjh,"lotus white glow, lotus white glow gel cream, lotus white glow scrub, lotus white glow skin whitening and brightening gel cream, lotus white glow moisturizer, moisturizer, face moisturizer, body moisturizer, cream moisturizer, facial moisturizer, skin whitening moisturizer, all purpose moisturizer, full moisturizer, massage moisturizer, lotus white glow body lotion, body lotion moisturizer, lotus white glow face pack, lotus white glow massage cream, lotus white glow moisturizer cream, lotus white glow skin whitening cream, skin whitening cream, fairness skin whitening cream, skin whitening glow cream, face skin whitening cream"
35319,Personal Care,Skin,Face Moisturisers,Pond's Flawless White Visible Lightening Daily Face Moisturizer Cream,https://www.flipkart.com/ponds-flawless-white-visible-lightening-daily-cream/p/itmdy9m5pguxbzjh,"lotus white glow, lotus white glow gel cream, lotus white glow scrub, lotus white glow skin whitening and brightening gel cream, lotus white glow moisturizer, moisturizer, face moisturizer, body moisturizer, cream moisturizer, facial moisturizer, skin whitening moisturizer, all purpose moisturizer, full moisturizer, massage moisturizer, lotus white glow body lotion, body lotion moisturizer, lotus white glow face pack, lotus white glow massage cream, lotus white glow moisturizer cream, lotus white glow skin whitening cream, skin whitening cream, fairness skin whitening cream, skin whitening glow cream, face skin whitening cream"
35320,Personal Care,Skin,Face Moisturisers,Pond's Women Gold Radiance Youthful Glow Day Face Moisturizer Cream,https://www.amazon.in/Ponds-Gold-Radiance-Youthful-Cream/dp/B07G82VSNB,"lotus white glow, lotus white glow gel cream, lotus white glow scrub, lotus white glow skin whitening and brightening gel cream, lotus white glow moisturizer, moisturizer, face moisturizer, body moisturizer, cream moisturizer, facial moisturizer, skin whitening moisturizer, all purpose moisturizer, full moisturizer, massage moisturizer, lotus white glow body lotion, body lotion moisturizer, lotus white glow face pack, lotus white glow massage cream, lotus white glow moisturizer cream, lotus white glow skin whitening cream, skin whitening cream, fairness skin whitening cream, skin whitening glow cream, face skin whitening cream"
35321,Personal Care,Skin,Face Moisturisers,Olay Women Age Protect Anti-Ageing UV Face Moisturizer Lotion,https://www.amazon.in/Olay-Age-Protect-Anti-Ageing/dp/B00G4UDFZM,"lotus white glow, lotus white glow gel cream, lotus white glow scrub, lotus white glow skin whitening and brightening gel cream, lotus white glow moisturizer, moisturizer, face moisturizer, body moisturizer, cream moisturizer, facial moisturizer, skin whitening moisturizer, all purpose moisturizer, full moisturizer, massage moisturizer, lotus white glow body lotion, body lotion moisturizer, lotus white glow face pack, lotus white glow massage cream, lotus white glow moisturizer cream, lotus white glow skin whitening cream, skin whitening cream, fairness skin whitening cream, skin whitening glow cream, face skin whitening cream"
35322,Personal Care,Skin Care,Face Wash and Cleanser,Lotus Herbals Tea Tree & Cinnamon Anti-Acne Oil Control Face Wash,https://www.lotusherbals.com/products/teatreewash-tea-tree-cinnamon-anti-acne-oil-control-face-wash,"face wash, men face wash, face wash with tea tree, face wash for pimples, face wash for oily and acne skin, gel face wash, face wash product, face wash for clear skin, pimples remove face wash, face wash oily, acne prone face wash, face wash ingredients, face wash for blemishes, face wash for all skin types, purify face wash, face wash for oily face, purifying face wash, facial face wash, free face wash, face wash for pimples and acne, men pimple face wash, face clean face wash, oily skin pimples face wash, face wash good for skin, face the wash, all face wash, face wash face wash, face wash combo, wash face wash, face wash for pimple skin, face wash for daily use, pimples face wash, clean and clear face wash neem, oily skin remove face wash, pimples control face wash, best daily use face wash, neem haldi face wash, men pimple clear face wash, skin purifying face wash, neem scrub face wash, acne purifying face wash, skin clean face wash, pimple removal face wash for male"
35323,Personal Care,Skin Care,Face Wash and Cleanser,Lotus Herbals Pomegranate & Plum Skin Polisher Face Wash,https://www.amazon.in/Lotus-Herbals-Pomegranate-Energizing-Polisher/dp/B007E9KWI0,"face wash, men face wash, face wash with tea tree, face wash for pimples, face wash for oily and acne skin, gel face wash, face wash product, face wash for clear skin, pimples remove face wash, face wash oily, acne prone face wash, face wash ingredients, face wash for blemishes, face wash for all skin types, purify face wash, face wash for oily face, purifying face wash, facial face wash, free face wash, face wash for pimples and acne, men pimple face wash, face clean face wash, oily skin pimples face wash, face wash good for skin, face the wash, all face wash, face wash face wash, face wash combo, wash face wash, face wash for pimple skin, face wash for daily use, pimples face wash, clean and clear face wash neem, oily skin remove face wash, pimples control face wash, best daily use face wash, neem haldi face wash, men pimple clear face wash, skin purifying face wash, neem scrub face wash, acne purifying face wash, skin clean face wash, pimple removal face wash for male"
35324,Personal Care,Skin Care,Face Wash and Cleanser,Lotus Herbals Jojobawash Face Wash,https://www.amazon.in/Lotus-Herbals-Jojobawash-Capsules-Nourishing/dp/B008TO82D6,"face wash, men face wash, face wash with tea tree, face wash for pimples, face wash for oily and acne skin, gel face wash, face wash product, face wash for clear skin, pimples remove face wash, face wash oily, acne prone face wash, face wash ingredients, face wash for blemishes, face wash for all skin types, purify face wash, face wash for oily face, purifying face wash, facial face wash, free face wash, face wash for pimples and acne, men pimple face wash, face clean face wash, oily skin pimples face wash, face wash good for skin, face the wash, all face wash, face wash face wash, face wash combo, wash face wash, face wash for pimple skin, face wash for daily use, pimples face wash, clean and clear face wash neem, oily skin remove face wash, pimples control face wash, best daily use face wash, neem haldi face wash, men pimple clear face wash, skin purifying face wash, neem scrub face wash, acne purifying face wash, skin clean face wash, pimple removal face wash for male"
35325,Personal Care,Skin Care,Face Scrub and Exfoliator,Lotus Herbals Apriscrub Fresh Apricot Face Scrub 60g,https://www.amazon.in/Lotus-Herbals-Apriscrub-Fresh-Apricot/dp/B008TO7RVY?th=1,"scrubs, scrub, face scrub, body scrub, face scrubs, scrub and exfoliate, scrubs and exfoliator, apricot face scrub, apricot scrub, fruit scrub, papaya scrub, fruit scrub and exfoliator, fruit exfoliate, natural scrub, herbal scrub, natural face scrubs, natural face scrub, natural face scrub and exfoliate, natural face scrubber, face scrubber, apricot scrubber, papaya scrubber, fruit scrubber, face skin scrub, skin exfoliate "
35326,Personal Care,Skin Care,Face Wash and Cleanser,Lotus Herbals Neemwash Face Wash,https://www.amazon.in/Lotus-Herbals-Neemwash-Purifying-Active/dp/B006LXDF20,"face wash, men face wash, face wash with tea tree, face wash for pimples, face wash for oily and acne skin, gel face wash, face wash product, face wash for clear skin, pimples remove face wash, face wash oily, acne prone face wash, face wash ingredients, face wash for blemishes, face wash for all skin types, purify face wash, face wash for oily face, purifying face wash, facial face wash, free face wash, face wash for pimples and acne, men pimple face wash, face clean face wash, oily skin pimples face wash, face wash good for skin, face the wash, all face wash, face wash face wash, face wash combo, wash face wash, face wash for pimple skin, face wash for daily use, pimples face wash, clean and clear face wash neem, oily skin remove face wash, pimples control face wash, best daily use face wash, neem haldi face wash, men pimple clear face wash, skin purifying face wash, neem scrub face wash, acne purifying face wash, skin clean face wash, pimple removal face wash for male"
35327,Personal Care,Bath and Body,Body Lotion,Lotus Herbals Almond Nourish Body Lotion with SPF 20,https://www.lotusherbals.com/products/almondnourish-daily-nourishing-body-lotion-spf-20,"body lotion, hydrating body lotion, oil free body lotion, moisturizing body lotion, good body lotion,  best hydrating body lotion, face and body lotion, body lotion on face, oil body lotion, body lotion cream, almond body lotion, best face and body lotion, hand body lotion, body lotion for oily skin, body lotion for glowing skin, nourishing body lotion, cheap body lotion, best luxury body lotion, best daily body lotion, best hand and body lotion, hand in hand body lotion, best glowing body lotion, best cheap body lotion, best oil free body lotion, best full body lotion, deep moisturizing body lotion, skin care body lotion, almond oil body lotion, almond body lotion, anti wrinkle body lotion, the best hydrating body lotion, deep moisture body lotion, the body lotion, daily body lotion, body lotion for soft skin, skin body lotion, best nourishing body lotion, dry body lotion, body lotion products, body lotion for smooth skin, all body lotion, all skin type body lotion, moisturizer, body lotion moisturizer"
35328,Personal Care,Skin Care,Sunscreen,Lotus Herbals Extreme Sun Block Sunscreen,https://www.amazon.in/Lotus-Herbals-Safe-Block-Cream/dp/B00G6MNNZA,"sun cream, sun cream for men, sunscreen, sun cream lotus, skin sun cream, face sunscreen, top sun cream, suns cream, suncream, sunscream, white sun cream, sun cream whitening, summer sun cream, summer sunscreen, sun cream 30, the sun cream, brightening sun cream, "
35329,Personal Care,Skin Care,Face Scrub and Exfoliator,Biotique Women Bio Papaya Revitalizing  Face Scrub,https://www.amazon.in/Biotique-Papaya-Revitalizing-Tan-Removal-Removal/dp/B08K3FX4T8,"scrubs, scrub, face scrub, body scrub, face scrubs, scrub and exfoliate, scrubs and exfoliator, apricot face scrub, apricot scrub, fruit scrub, papaya scrub, fruit scrub and exfoliator, fruit exfoliate, natural scrub, herbal scrub, natural face scrubs, natural face scrub, natural face scrub and exfoliate, natural face scrubber, face scrubber, apricot scrubber, papaya scrubber, fruit scrubber, face skin scrub, skin exfoliate "
35330,Personal Care,Skin Care,Sunscreen,Lotus Herbals Safe Sun Absolute Sunscreen,https://www.purplle.com/product/lotus-herbals-safe-sun-uv-screen-mattegel-pa-spf-50-100-g-98,"sun cream, sun cream for men, sunscreen, sun cream lotus, skin sun cream, face sunscreen, top sun cream, suns cream, suncream, sunscream, white sun cream, sun cream whitening, summer sun cream, summer sunscreen, sun cream 30, the sun cream, brightening sun cream, "
35331,Personal Care,Bath and Body,Body Lotion,Lotus Herbals Aloe Soft Body Lotion,https://www.amazon.in/Lotus-Herbals-Daily-Lotion-SPF-20/dp/B00791D9BA,"body lotion, hydrating body lotion, oil free body lotion, moisturizing body lotion, good body lotion,  best hydrating body lotion, face and body lotion, body lotion on face, oil body lotion, body lotion cream, almond body lotion, best face and body lotion, hand body lotion, body lotion for oily skin, body lotion for glowing skin, nourishing body lotion, cheap body lotion, best luxury body lotion, best daily body lotion, best hand and body lotion, hand in hand body lotion, best glowing body lotion, best cheap body lotion, best oil free body lotion, best full body lotion, deep moisturizing body lotion, skin care body lotion, almond oil body lotion, almond body lotion, anti wrinkle body lotion, the best hydrating body lotion, deep moisture body lotion, the body lotion, daily body lotion, body lotion for soft skin, skin body lotion, best nourishing body lotion, dry body lotion, body lotion products, body lotion for smooth skin, all body lotion, all skin type body lotion, moisturizer, body lotion moisturizer"
35332,Personal Care,Skin,Body Lotion,Lotus Herbals Cocoa Caress SPF 20 Hand & Body Lotion 250 ml,https://www.amazon.in/Lotus-Herbals-Cocoa-Caress-Lotion/dp/B00791D9KG,"body lotion, hydrating body lotion, oil free body lotion, moisturizing body lotion, good body lotion,  best hydrating body lotion, face and body lotion, body lotion on face, oil body lotion, body lotion cream, almond body lotion, best face and body lotion, hand body lotion, body lotion for oily skin, body lotion for glowing skin, nourishing body lotion, cheap body lotion, best luxury body lotion, best daily body lotion, best hand and body lotion, hand in hand body lotion, best glowing body lotion, best cheap body lotion, best oil free body lotion, best full body lotion, deep moisturizing body lotion, skin care body lotion, almond oil body lotion, almond body lotion, anti wrinkle body lotion, the best hydrating body lotion, deep moisture body lotion, the body lotion, daily body lotion, body lotion for soft skin, skin body lotion, best nourishing body lotion, dry body lotion, body lotion products, body lotion for smooth skin, all body lotion, all skin type body lotion, moisturizer, body lotion moisturizer"
35333,Personal Care,Skin Care,Sunscreen,Lotus Herbals UV Screen Matte Gel Sunscreen 50g,https://www.amazon.in/Lotus-Herbals-Safe-Screen-Matte/dp/B01LX6NO3Z,"sun cream, sun cream for men, sunscreen, sun cream lotus, skin sun cream, face sunscreen, top sun cream, suns cream, suncream, sunscream, white sun cream, sun cream whitening, summer sun cream, summer sunscreen, sun cream 30, the sun cream, brightening sun cream, "
35334,Personal Care,Skin Care,Sunscreen,Lotus Herbals Safe Sun Sunscreen,https://www.lotusherbals.com/products/safesun-3-in-1-matte-look-daily-sunscreen-spf-40-pa,"sun cream products, brightening sunscreen, sunscreen products, sun cream for skin, face protection sun cream, face protection sunscreen, cream for protection from sun, spf protection cream, spf cream, spf sun cream, spf sunscreen, sunscreen cream for summer"
35335,Personal Care,Skin Care,Sunscreen,Lotus Herbals Safe Sun Sun Block Sunscreen,https://www.lotusherbals.com/products/sunsafe-sunscreen-cream-spf-30,"sun cream, sun cream for men, sunscreen, sun cream lotus, skin sun cream, face sunscreen, top sun cream, suns cream, suncream, sunscream, white sun cream, sun cream whitening, summer sun cream, summer sunscreen, sun cream 30, the sun cream, brightening sun cream, "
35336,Personal Care,Skin Care,Sunscreen,Biotique Women Bio Sandalwood SPF 50 Sunscreen,https://www.amazon.in/Biotique-Sandalwood-Sunscreen-Soothing-Resistant/dp/B00791CPDI,"sun cream products, brightening sunscreen, sunscreen products, sun cream for skin, face protection sun cream, face protection sunscreen, cream for protection from sun, spf protection cream, spf cream, spf sun cream, spf sunscreen, sunscreen cream for summer"
35337,Personal Care,Skin,Face Scrub and Exfoliator,Lotus Herbals Quince Seed Massage Cream and Face Scrub,https://www.amazon.in/Lotus-Herbals-Quincenourish-Quince-Massage/dp/B008TO7HIC,"scrubs, scrub, face scrub, body scrub, face scrubs, scrub and exfoliate, scrubs and exfoliator, apricot face scrub, apricot scrub, fruit scrub, papaya scrub, fruit scrub and exfoliator, fruit exfoliate, natural scrub, herbal scrub, natural face scrubs, natural face scrub, natural face scrub and exfoliate, natural face scrubber, face scrubber, apricot scrubber, papaya scrubber, fruit scrubber, face skin scrub, skin exfoliate "
35338,Personal Care,Skin Care,Face Scrub and Exfoliator,Lotus Herbals Apriscrub  Face Scrub,https://www.amazon.in/Lotus-Herbals-Apriscrub-Fresh-Apricot/dp/B006LXAZ5U,"scrubs, scrub, face scrub, body scrub, face scrubs, scrub and exfoliate, scrubs and exfoliator, apricot face scrub, apricot scrub, fruit scrub, papaya scrub, fruit scrub and exfoliator, fruit exfoliate, natural scrub, herbal scrub, natural face scrubs, natural face scrub, natural face scrub and exfoliate, natural face scrubber, face scrubber, apricot scrubber, papaya scrubber, fruit scrubber, face skin scrub, skin exfoliate "
35339,Personal Care,Bath and Body,Body Lotion,Biotique Bio Coco Butter Tissue Firming Body Balm,https://www.amazon.in/Biotique-Bio-Coco-Butter-50gm/dp/B0099JCST4,"body lotion, hydrating body lotion, oil free body lotion, moisturizing body lotion, good body lotion,  best hydrating body lotion, face and body lotion, body lotion on face, oil body lotion, body lotion cream, almond body lotion, best face and body lotion, hand body lotion, body lotion for oily skin, body lotion for glowing skin, nourishing body lotion, cheap body lotion, best luxury body lotion, best daily body lotion, best hand and body lotion, hand in hand body lotion, best glowing body lotion, best cheap body lotion, best oil free body lotion, best full body lotion, deep moisturizing body lotion, skin care body lotion, almond oil body lotion, almond body lotion, anti wrinkle body lotion, the best hydrating body lotion, deep moisture body lotion, the body lotion, daily body lotion, body lotion for soft skin, skin body lotion, best nourishing body lotion, dry body lotion, body lotion products, body lotion for smooth skin, all body lotion, all skin type body lotion, moisturizer, body lotion moisturizer"
35340,Personal Care,Skin Care,Face Scrub and Exfoliator,Biotique Women Bio Walnut Purifying & Polishing  Face Scrub,https://www.amazon.in/Biotique-Walnut-Purifying-Polishing-Scrub/dp/B07K7HQ4VG,"scrubs, scrub, face scrub, body scrub, face scrubs, scrub and exfoliate, scrubs and exfoliator, apricot face scrub, apricot scrub, fruit scrub, papaya scrub, fruit scrub and exfoliator, fruit exfoliate, natural scrub, herbal scrub, natural face scrubs, natural face scrub, natural face scrub and exfoliate, natural face scrubber, face scrubber, apricot scrubber, papaya scrubber, fruit scrubber, face skin scrub, skin exfoliate "
35341,Personal Care,Bath and Body,Body Lotion,Lotus Herbals Cherry Bliss Body Lotion,https://www.amazon.in/Lotus-Herbals-Cherrybliss-Daily-Lotion/dp/B007E9G0PE,"body lotion, hydrating body lotion, oil free body lotion, moisturizing body lotion, good body lotion,  best hydrating body lotion, face and body lotion, body lotion on face, oil body lotion, body lotion cream, almond body lotion, best face and body lotion, hand body lotion, body lotion for oily skin, body lotion for glowing skin, nourishing body lotion, cheap body lotion, best luxury body lotion, best daily body lotion, best hand and body lotion, hand in hand body lotion, best glowing body lotion, best cheap body lotion, best oil free body lotion, best full body lotion, deep moisturizing body lotion, skin care body lotion, almond oil body lotion, almond body lotion, anti wrinkle body lotion, the best hydrating body lotion, deep moisture body lotion, the body lotion, daily body lotion, body lotion for soft skin, skin body lotion, best nourishing body lotion, dry body lotion, body lotion products, body lotion for smooth skin, all body lotion, all skin type body lotion, moisturizer, body lotion moisturizer"
35342,Personal Care,Bath and Body,Body Lotion,Lotus Herbals Vanilla Velvet Body Lotion,https://www.amazon.in/Lotus-Herbals-Vanilla-Velvet-Lotion/dp/B00791FML0,"body lotion, hydrating body lotion, oil free body lotion, moisturizing body lotion, good body lotion,  best hydrating body lotion, face and body lotion, body lotion on face, oil body lotion, body lotion cream, almond body lotion, best face and body lotion, hand body lotion, body lotion for oily skin, body lotion for glowing skin, nourishing body lotion, cheap body lotion, best luxury body lotion, best daily body lotion, best hand and body lotion, hand in hand body lotion, best glowing body lotion, best cheap body lotion, best oil free body lotion, best full body lotion, deep moisturizing body lotion, skin care body lotion, almond oil body lotion, almond body lotion, anti wrinkle body lotion, the best hydrating body lotion, deep moisture body lotion, the body lotion, daily body lotion, body lotion for soft skin, skin body lotion, best nourishing body lotion, dry body lotion, body lotion products, body lotion for smooth skin, all body lotion, all skin type body lotion, moisturizer, body lotion moisturizer"
35343,Covid Essentials,Mask,Face Mask,Status N95 Face Mask - White,https://www.netmeds.com/non-prescriptions/status-n95-face-mask-white-pack-of-20s,"face mask, face masks, covid masks, covid mask, covid face mask, corona mask, corona face mask, kn95 mask, kn95 masks, disposal masks, disposable mask, pollution mask, surgeon mask, face mask pack, face mask guard, covid kit, covid mask"
35344,Covid Essentials,Mask,Face Mask,3-Ply Disposable Surgical Face Mask 100's,https://www.netmeds.com/non-prescriptions/3-ply-disposable-surgical-face-mask-100s,"face mask, face masks, covid masks, covid mask, covid face mask, corona mask, corona face mask, kn95 mask, kn95 masks, disposal masks, disposable mask, pollution mask, surgeon mask, face mask pack, face mask guard, covid kit, covid mask"
35345,Covid Essentials,Mask,Face Mask,O2+ Anti Pollution N99 Face Mask 7 Layer 1's,https://www.netmeds.com/non-prescriptions/o2-anti-pollution-n99-face-mask-7-layer-1s,"face mask, face masks, covid masks, covid mask, covid face mask, corona mask, corona face mask, kn95 mask, kn95 masks, disposal masks, disposable mask, pollution mask, surgeon mask, face mask pack, face mask guard, covid kit, covid mask"
35346,Covid Essentials,Mask,Face Mask,Advind Smog Guard N95 For 3-5 Years Kids Face Mask (XS) - Blue 1's,https://www.netmeds.com/non-prescriptions/advind-smog-guard-n95-kids-mask-xs-blue-1s,"face mask, face masks, covid masks, covid mask, covid face mask, corona mask, corona face mask, kn95 mask, kn95 masks, disposal masks, disposable mask, pollution mask, surgeon mask, face mask pack, face mask guard, covid kit, covid mask"
35347,Covid Essentials,Mask,Face Mask,Advind Smog Guard N95 For 4-12 Years Kids Face Mask - Truck Printed Design 1's,https://www.netmeds.com/non-prescriptions/advind-smog-guard-n95-kids-mask-truck-printed-design-1s,"face mask, face masks, covid masks, covid mask, covid face mask, corona mask, corona face mask, kn95 mask, kn95 masks, disposal masks, disposable mask, pollution mask, surgeon mask, face mask pack, face mask guard, covid kit, covid mask"
35348,Covid Essentials,Mask,Face Mask,Advind Disposable 3 Ply Surgical Mask (Pack of 100),https://www.netmeds.com/non-prescriptions/advind-disposable-3-ply-surgical-mask-pack-of-100-1s,"face mask, face masks, covid masks, covid mask, covid face mask, corona mask, corona face mask, kn95 mask, kn95 masks, disposal masks, disposable mask, pollution mask, surgeon mask, face mask pack, face mask guard, covid kit, covid mask"
35349,Covid Essentials,Oximeter,Finger Tip Pulse Oximeter,Choicemmed Finger Tip Pulse Oximeter,https://www.netmeds.com/non-prescriptions/choicemmed-finger-tip-pulse-oximeter,"oximeter, oximetre, pulse meter, finger pulse, finger pulse meter, finger tip meter, finger tip pulse meter, led oximeter, led pulse meter, accsure pulse meter"
35350,Covid Essentials,Oximeter,Pulse Oximeter,Newnik Pulse Oximeter With Audio Visual Alarm (PX701) - Royal Blue,https://www.netmeds.com/non-prescriptions/newnik-pulse-oximeter-with-audio-visual-alarm-px701-royal-blue,"oximeter, oximetre, pulse meter, finger pulse, finger pulse meter, finger tip meter, finger tip pulse meter, led oximeter, led pulse meter, accsure pulse meter"
35351,Covid Essentials,Oximeter,Pulse Oximeter,Sahyog Wellness Fingertip Advanced OLED Type Pulse Oximeter,https://www.netmeds.com/non-prescriptions/sahyog-wellness-fingertip-advanced-oled-type-pulse-oximeter-1s,"oximeter, oximetre, pulse meter, finger pulse, finger pulse meter, finger tip meter, finger tip pulse meter, led oximeter, led pulse meter, accsure pulse meter"
35352,Covid Essentials,Oximeter,Pulse Oximeter,Sahyog Wellness LED Fingertip Pulse Oximeter,https://www.netmeds.com/non-prescriptions/sahyog-wellness-led-fingertip-pulse-oximeter,"oximeter, oximetre, pulse meter, finger pulse, finger pulse meter, finger tip meter, finger tip pulse meter, led oximeter, led pulse meter, accsure pulse meter"
35353,Covid Essentials,Oximeter,Pulse Oximeter,AccuSure Pulse Oximeter,https://www.netmeds.com/non-prescriptions/accusure-pulse-oximeter-1s,"oximeter, oximetre, pulse meter, finger pulse, finger pulse meter, finger tip meter, finger tip pulse meter, led oximeter, led pulse meter, accsure pulse meter"
35354,Covid Essentials,Oximeter,Pulse Oximeter,Equinox Pulse Oximeter OLED (EQ-OP-109),https://www.netmeds.com/non-prescriptions/equinox-pulse-oximeter-oled-eq-op-109-1s,"oximeter, pulse measure, oximetre, pulse meter, finger pulse, finger pulse meter, finger tip meter, finger tip pulse meter, led oximeter, led pulse meter, accsure pulse meter"
35355,Covid Essentials,Oximeter,Pulse Oximeter,Finger Tip Oximeter LK-88 (Blue),https://sadar24.com/product/finger-tip-oximeter-lk-88-blue?gclid=EAIaIQobChMI2efk0cf79wIV1HwrCh3w6g4QEAQYASABEgJDePD_BwE,"oximeter, pulse measure, oximetre, pulse meter, finger pulse, finger pulse meter, finger tip meter, finger tip pulse meter, led oximeter, led pulse meter, accsure pulse meter"
35356,Covid Essentials,Oximeter,Pulse Oximeter,Zebronics Fingertip Pulse Oximeter,https://www.netmeds.com/non-prescriptions/zebronics-fingertip-pulse-oximeter-zeb-fpo500-1s?source_attribution=ADW-CPC-Pmax_beauty_purchase&utm_source=ADW-CPC-Pmax_beauty_purchase&utm_medium=CPC&utm_campaign=ADW-CPC-Pmax_beauty_purchase&gclid=EAIaIQobChMI2efk0cf79wIV1HwrCh3w6g4QEAQYAyABEgKPovD_BwE,"oximeter, pulse measure, oximetre, pulse meter, finger pulse, finger pulse meter, finger tip meter, finger tip pulse meter, led oximeter, led pulse meter, accsure pulse meter"
35357,Covid Essentials,Oximeter,Pulse Oximeter,Microtek Pulse Oximeter,https://store.phablecare.com/products/microtek-pulse-oximeter?variant=41162933665991&currency=INR&utm_medium=product_sync&utm_source=google&utm_content=sag_organic&utm_campaign=sag_organic&gclid=EAIaIQobChMI2efk0cf79wIV1HwrCh3w6g4QEAQYBSABEgJTOvD_BwE,
35358,Covid Essentials,Gloves,Gloves,"APTECHDEALS Latex Medical Examination Disposable Hand Gloves, White, Medium, 100 Piece, Latex",https://www.amazon.in/Careway-Medical-Examination-Disposable-Powderd/dp/B01MZ3LC2Q,"latex gloves, gloves, gloves pack, covid gloves, nitrile gloves, medical gloves, disposable gloves, medical disposable gloves, covid gloves pack, corona gloves, use and throw gloves, medical use and throw gloves, latex disposable gloves, latex use and throw gloves, nitrile use and throw gloves, nitrile disposable gloves, short gloves, short medical gloves"
35359,Covid Essentials,Gloves,Gloves,ONSAFE Latex Medical Examination Disposable Powdered Hand Gloves -100 Pieces Each Pack,https://www.amazon.in/ONSAFE-Medical-Examination-Disposable-Powdered/dp/B08KRXN1PD/ref=pd_lpo_1?pd_rd_i=B08KRXN1PD&psc=1,"latex gloves, gloves, gloves pack, covid gloves, nitrile gloves, medical gloves, disposable gloves, medical disposable gloves, covid gloves pack, corona gloves, use and throw gloves, medical use and throw gloves, latex disposable gloves, latex use and throw gloves, nitrile use and throw gloves, nitrile disposable gloves, short gloves, short medical gloves"
35360,Covid Essentials,Gloves,Gloves,Care View Non Sterile Latex Medical Examination Hand Gloves 30's,https://www.netmeds.com/non-prescriptions/care-view-non-sterile-latex-medical-examination-hand-gloves-30s?source_attribution=ADW-CPC-Pmax_pharma-PY-Netmeds_Vib_PMax&utm_source=ADW-CPC-Pmax_pharma-PY-Netmeds_Vib_PMax&utm_medium=CPC&utm_campaign=ADW-CPC-Pmax_pharma-PY-Netmeds_Vib_PMax&gclid=Cj0KCQjwvqeUBhCBARIsAOdt45YBSO_6_K8-6TFmwe8vgXf2pjB-AbvpKjuZ2kau_o-8e0XHfvcOg5waAmG5EALw_wcB,"latex gloves, gloves, gloves pack, covid gloves, nitrile gloves, medical gloves, disposable gloves, medical disposable gloves, covid gloves pack, corona gloves, use and throw gloves, medical use and throw gloves, latex disposable gloves, latex use and throw gloves, nitrile use and throw gloves, nitrile disposable gloves, short gloves, short medical gloves"
35361,Covid Essentials,Gloves,Gloves,Ansell Micro Touch Disposable Gloves N-30 (Medium) (Pack of 4),https://www.netmeds.com/non-prescriptions/ansell-mictro-touch-n-30-medium-pack-of-4-1-s?source_attribution=ADW-CPC-Pmax_pharma-PY-Netmeds_Vib_PMax&utm_source=ADW-CPC-Pmax_pharma-PY-Netmeds_Vib_PMax&utm_medium=CPC&utm_campaign=ADW-CPC-Pmax_pharma-PY-Netmeds_Vib_PMax&gclid=Cj0KCQjwvqeUBhCBARIsAOdt45bTMDq9vDQyLIaFW43rXsyMVUN7Nnxewj0wK4j-TKtXre201er2-YgaAioCEALw_wcB,"latex gloves, gloves, gloves pack, covid gloves, nitrile gloves, medical gloves, disposable gloves, medical disposable gloves, covid gloves pack, corona gloves, use and throw gloves, medical use and throw gloves, latex disposable gloves, latex use and throw gloves, nitrile use and throw gloves, nitrile disposable gloves, short gloves, short medical gloves"
35362,Covid Essentials,Gloves,Gloves,TWENOZ ZZION Disposable Latex Medical Examination Gloves (Small),https://www.amazon.in/TWENOZ-Disposable-Medical-Examination-Gloves/dp/B0894T9JQH/ref=asc_df_B0894T9JQH/?tag=googleshopdes-21&linkCode=df0&hvadid=397080130454&hvpos=&hvnetw=g&hvrand=12925726997717684246&hvpone=&hvptwo=&hvqmt=&hvdev=c&hvdvcmdl=&hvlocint=&hvlocphy=9061682&hvtargid=pla-976007239167&psc=1&ext_vrnc=hi,"latex gloves, gloves, gloves pack, covid gloves, nitrile gloves, medical gloves, disposable gloves, medical disposable gloves, covid gloves pack, corona gloves, use and throw gloves, medical use and throw gloves, latex disposable gloves, latex use and throw gloves, nitrile use and throw gloves, nitrile disposable gloves, short gloves, short medical gloves"
35363,Covid Essentials,Gloves,Gloves,Nitrile Examination Gloves˜˜(Pack of 25),https://www.flipkart.com/dm-india-quality-nitrile-gloves-powder-free-ce-iso-9001-2015-certified-examination/p/itm69764495d6e76?pid=MGVFZDNVH3GGYR6K&lid=LSTMGVFZDNVH3GGYR6K0MZ5TS&marketplace=FLIPKART&cmpid=content_medical-glove_8965229628_gmc,"latex gloves, gloves, gloves pack, covid gloves, nitrile gloves, medical gloves, disposable gloves, medical disposable gloves, covid gloves pack, corona gloves, use and throw gloves, medical use and throw gloves, latex disposable gloves, latex use and throw gloves, nitrile use and throw gloves, nitrile disposable gloves, short gloves, short medical gloves"
35364,Covid Essentials,Ppe Kit,Ppe Kit,Dr. Red Plus PPE Kit,https://www.netmeds.com/non-prescriptions/dr-red-plus-ppe-kit-1s?source_attribution=ADW-CPC-Pmax_pharma-PY-Netmeds_Vib_PMax&utm_source=ADW-CPC-Pmax_pharma-PY-Netmeds_Vib_PMax&utm_medium=CPC&utm_campaign=ADW-CPC-Pmax_pharma-PY-Netmeds_Vib_PMax&gclid=Cj0KCQjwvqeUBhCBARIsAOdt45YXDYEVdO45-2xnOFdcwnHXvvIHca8VGbK1s4QCccJikKRHo-UD494aAjz4EALw_wcB,"ppe kit, covid ppe kit, full ppe kit, covid full ppe kit, corona full kit, covid full kit, ppe kit disposable, disposable ppe kit, ppe kit full cover"
35365,Covid Essentials,Ppe Kit,Ppe Kit,KHODAL-E- Store PPE Safety Kit for Full Body Protection,https://www.amazon.in/Protection-Non-Suffocating-Comfortable-Travelling-Polyproplyene/dp/B094K3DD6W/ref=asc_df_B094K3DD6W/?tag=googleshopdes-21&linkCode=df0&hvadid=397082327219&hvpos=&hvnetw=g&hvrand=9513637293942148881&hvpone=&hvptwo=&hvqmt=&hvdev=c&hvdvcmdl=&hvlocint=&hvlocphy=9061682&hvtargid=pla-1361039267214&psc=1&ext_vrnc=hi,"ppe kit, covid ppe kit, full ppe kit, covid full ppe kit, corona full kit, covid full kit, ppe kit disposable, disposable ppe kit, ppe kit full cover"
35366,Covid Essentials,Ppe Kit,Ppe Kit,GOHNA Unisex Personal Protective Equipment PPE Kit with Disposable Full Dress,https://www.amazon.in/GOHNA-Personal-Protective-Equipment-Kit/dp/B089NRD9ZB/ref=asc_df_B089NRD9ZB/?tag=googleshopdes-21&linkCode=df0&hvadid=397082327219&hvpos=&hvnetw=g&hvrand=9513637293942148881&hvpone=&hvptwo=&hvqmt=&hvdev=c&hvdvcmdl=&hvlocint=&hvlocphy=9061682&hvtargid=pla-916391265531&psc=1&ext_vrnc=hi,"ppe kit, covid ppe kit, full ppe kit, covid full ppe kit, corona full kit, covid full kit, ppe kit disposable, disposable ppe kit, ppe kit full cover"
35367,Covid Essentials,Ppe Kit,Ppe Kit,PPE KIT Certified Approved Medical Equipment Combo,"https://www.flipkart.com/ppe-kit-certified-approved-medical-equipment-combo/p/itm742c1c10ea85d?pid=MEQG6X84TKFH7ZHD&lid=LSTMEQG6X84TKFH7ZHDYE6JPP&marketplace=FLIPKART&cmpid=content_medical-equipment-combo_15083003945_u_8965229628_gmc_pla&tgi=sem,1,G,11214002,u,,,556262839325,,,,c,,,,,,,&gclid=Cj0KCQjwvqeUBhCBARIsAOdt45abFwKlU8rW29TrNX0s_UnuCSuEJcqPx7XwGtVlspjOCYCRWz9WhU8aAhTrEALw_wcB","ppe kit, covid ppe kit, full ppe kit, covid full ppe kit, corona full kit, covid full kit, ppe kit disposable, disposable ppe kit, ppe kit full cover"
35368,Covid Essentials,Ppe Kit,Ppe Kit,kansa india ppe kit -1 Safety Jacket,"https://www.flipkart.com/kansa-india-ppe-kit-1-safety-jacket/p/itmf8c63edb8e5e5?pid=SJAG28C8HUUST7YE&lid=LSTSJAG28C8HUUST7YEWMGZ6A&marketplace=FLIPKART&cmpid=content_safety-jacket_15083003945_u_8965229628_gmc_pla&tgi=sem,1,G,11214002,u,,,556262839325,,,,c,,,,,,,&gclid=Cj0KCQjwvqeUBhCBARIsAOdt45YAlI1j5vykfyKhb4lKceSs7Rl3GXH1nClE-ygl-IvEzfeLo8fz118aAsNnEALw_wcB","ppe kit, covid ppe kit, full ppe kit, covid full ppe kit, corona full kit, covid full kit, ppe kit disposable, disposable ppe kit, ppe kit full cover"
35369,Covid Essentials,Ppe Kit,Ppe Kit,AJSCOP 70GSM- PPE Kit Medical Personal Protective Equipment Kit,https://www.amazon.in/AJSCOP-Medical-Personal-Protective-Equipment/dp/B08CB4SMQD/ref=asc_df_B08CB4SMQD/?tag=googleshopdes-21&linkCode=df0&hvadid=397010754418&hvpos=&hvnetw=g&hvrand=9513637293942148881&hvpone=&hvptwo=&hvqmt=&hvdev=c&hvdvcmdl=&hvlocint=&hvlocphy=9061682&hvtargid=pla-926829204848&psc=1&ext_vrnc=hi,"ppe kit, covid ppe kit, full ppe kit, covid full ppe kit, corona full kit, covid full kit, ppe kit disposable, disposable ppe kit, ppe kit full cover"
35370,Covid Essentials,Sanitizer,Sanitizer,BodyGuard Alcohol Based Liquid Sanitizer with Lavender Fragrance - 5 Ltr,https://www.flipkart.com/bodyguard-alcohol-based-liquid-lavender-fragrance-5-ltr-5000ml-hand-sanitizer-can/p/itmf8294237a3c42?pid=HWSG3P6GQVVZHNZN&lid=LSTHWSG3P6GQVVZHNZNHIT5YQ&marketplace=FLIPKART&cmpid=content_hand-wash-sanitizer_8965229628_gmc,"sanitizer, hand sanitizer, hand sanitizers, alcohol sanitizer, alcohol based sanitizer, alcohol hand rub sanitizer, 70% alcohol based sanitizer, strong sanitizer, covid sanitizer, ethanol based sanitizer, hand sanitizer, alcohol hand sanitizer, alcohol based hand sanitizer, hand sanitizer, hand sanitizer with fragrance"
35371,Covid Essentials,Sanitizer,Sanitizer,Ethanol-Based Alcohol Hand Sanitizer 5 L,https://www.myntra.com/hand-wash-and-sanitizer/resist-plus/resist-plus-ethanol-based-alcohol-hand-sanitizer-5-l/15354022/buy,"sanitizer, hand sanitizer, hand sanitizers, alcohol sanitizer, alcohol based sanitizer, alcohol hand rub sanitizer, 70% alcohol based sanitizer, strong sanitizer, covid sanitizer, ethanol based sanitizer, hand sanitizer, alcohol hand sanitizer, alcohol based hand sanitizer, hand sanitizer, hand sanitizer with fragrance"
35372,Covid Essentials,Sanitizer,Sanitizer,dezo Sodium Hypochlorite Sanitizer Solution Liquid (5 Litre),https://www.amazon.in/dezo-Sodium-Hypochlorite-Sanitizer-Solution/dp/B08G8JQ27W/ref=asc_df_B08G8JQ27W/?tag=googleshopdes-21&linkCode=df0&hvadid=397082397500&hvpos=&hvnetw=g&hvrand=15970259046085191202&hvpone=&hvptwo=&hvqmt=&hvdev=c&hvdvcmdl=&hvlocint=&hvlocphy=9061682&hvtargid=pla-952243117617&psc=1&ext_vrnc=hi,"sanitizer, hand sanitizer, hand sanitizers, alcohol sanitizer, alcohol based sanitizer, alcohol hand rub sanitizer, 70% alcohol based sanitizer, strong sanitizer, covid sanitizer, ethanol based sanitizer, hand sanitizer, alcohol hand sanitizer, alcohol based hand sanitizer, hand sanitizer, hand sanitizer with fragrance"
35373,Covid Essentials,Sanitizer,Sanitizer,70% alcohol based Sanitizer Liquid Germ Protection 5 Ltrs,"https://www.flipkart.com/meera-enterprises-70-alcohol-based-liquid-germ-protection-5-ltrs/p/itm59d0bceb1ef63?pid=APCG28CA3F8P5V5G&lid=LSTAPCG28CA3F8P5V5GTSONH5&marketplace=FLIPKART&cmpid=content_all-purpose-cleaner_15083003945_u_8965229628_gmc_pla&tgi=sem,1,G,11214002,u,,,556262839325,,,,c,,,,,,,&gclid=Cj0KCQjwvqeUBhCBARIsAOdt45buvcamb8zEZfeofNjVW3LywojPO_0lANb3qc1otJarQ3NRrtzmd3saAob9EALw_wcB","sanitizer, hand sanitizer, hand sanitizers, alcohol sanitizer, alcohol based sanitizer, alcohol hand rub sanitizer, 70% alcohol based sanitizer, strong sanitizer, covid sanitizer, ethanol based sanitizer, hand sanitizer, alcohol hand sanitizer, alcohol based hand sanitizer, hand sanitizer, hand sanitizer with fragrance"
35374,Covid Essentials,Sanitizer,Sanitizer,Godrej Hand Sanitizer 5 Ltr Can,https://meesho.com/Godrej%20Hand%20Sanitizer%205%20Ltr%20Can/p/10638H?utm_source=google&utm_campaign=1_Remarketing_HER_Google_Smart_shopping_2&campaignid=16166041388&adgroupid=132709297629&keyword=&device=c&gclid=Cj0KCQjwvqeUBhCBARIsAOdt45b8TCSx3aiJmbky5ZUQWcz5ahFaqWjr0LS_J-D_PmkydoibxTVY43saAugHEALw_wcB,"sanitizer, hand sanitizer, hand sanitizers, alcohol sanitizer, alcohol based sanitizer, alcohol hand rub sanitizer, 70% alcohol based sanitizer, strong sanitizer, covid sanitizer, ethanol based sanitizer, hand sanitizer, alcohol hand sanitizer, alcohol based hand sanitizer, hand sanitizer, hand sanitizer with fragrance"
35375,Covid Essentials,Sanitizer,Sanitizer,Lifebuoy Liquid Hand Sanitizer 5-L,https://www.amazon.in/Lifebuoy-Liquid-Hand-Sanitizer-5-L/dp/B08JKWGD9W/ref=asc_df_B08JKWGD9W/?tag=googleshopdes-21&linkCode=df0&hvadid=397083598262&hvpos=&hvnetw=g&hvrand=15970259046085191202&hvpone=&hvptwo=&hvqmt=&hvdev=c&hvdvcmdl=&hvlocint=&hvlocphy=9061682&hvtargid=pla-966696595654&psc=1&ext_vrnc=hi,"sanitizer, hand sanitizer, hand sanitizers, alcohol sanitizer, alcohol based sanitizer, alcohol hand rub sanitizer, 70% alcohol based sanitizer, strong sanitizer, covid sanitizer, ethanol based sanitizer, hand sanitizer, alcohol hand sanitizer, alcohol based hand sanitizer, hand sanitizer, hand sanitizer with fragrance"
35376,Covid Essentials,Gloves,Gloves,HM EVOTEK Clear Vinyl Gloves,"https://www.flipkart.com/hm-evotek-clear-vinyl-gloves-pack-10pcs-latex-free-powder-free-disposable-gloves-large-5-pairs-10-pcs-examination/p/itmc621bdc6d4108?pid=MGVG37FKGDMQFKMP&lid=LSTMGVG37FKGDMQFKMPHEAREX&marketplace=FLIPKART&cmpid=content_medical-glove_15083003945_u_8965229628_gmc_pla&tgi=sem,1,G,11214002,u,,,556262839325,,,,c,,,,,,,&gclid=EAIaIQobChMIuOHckMf79wIVQg8rCh2tpgeFEAQYAyABEgIWlfD_BwE","latex gloves, gloves, gloves pack, covid gloves, nitrile gloves, medical gloves, disposable gloves, medical disposable gloves, covid gloves pack, corona gloves, use and throw gloves, medical use and throw gloves, latex disposable gloves, latex use and throw gloves, nitrile use and throw gloves, nitrile disposable gloves, short gloves, short medical gloves"
35377,Covid Essentials,Sanitizer,Sanitizer,HI-GENIE? GMP & ISO Certified 5 Litre Hand Sanitizer (75% Ethyl Alcohol),https://www.amazon.in/dp/B097NFKHHH/ref=sspa_dk_detail_2?psc=1&pd_rd_i=B097NFKHHH&pd_rd_w=1zTqb&pf_rd_p=faac72a3-7069-4487-b874-df6f97e63927&pd_rd_wg=WA2di&pf_rd_r=TJJ00F8Q121QEF23RWQQ&pd_rd_r=8ef4e393-7eb9-49b0-83ec-7838a308ccb8&s=industrial&spLa=ZW5jcnlwdGVkUXVhbGlmaWVyPUEzVDBCRDFaS1dZT1ZZJmVuY3J5cHRlZElkPUEwOTYwMDY5MlYwTjcwTFRTWUozTCZlbmNyeXB0ZWRBZElkPUEwMzc2NjgzMzFZWjFHVDVUSVFCRyZ3aWRnZXROYW1lPXNwX2RldGFpbCZhY3Rpb249Y2xpY2tSZWRpcmVjdCZkb05vdExvZ0NsaWNrPXRydWU=,"sanitizer, hand sanitizer, hand sanitizers, alcohol sanitizer, alcohol based sanitizer, alcohol hand rub sanitizer, 70% alcohol based sanitizer, strong sanitizer, covid sanitizer, ethanol based sanitizer, hand sanitizer, alcohol hand sanitizer, alcohol based hand sanitizer, hand sanitizer, hand sanitizer with fragrance"
35378,Medicines,Acne,Acne Capsule,Acne: Tretiva 10mg Capsule 10'S,https://www.netmeds.com/prescriptions/tretiva-10mg-capsule-10-s,"acne, acne tablets, acne capsule, acne soap, acne gel, acne cream, acne treatment, acne pills"
35379,Medicines,Acne,Acne Capsule,D Acne I 20mg Capsule 10'S,https://www.netmeds.com/prescriptions/d-acne-i-20mg-capsule-10-s,"acne, acne tablets, acne capsule, acne soap, acne gel, acne cream, acne treatment, acne pills"
35380,Medicines,Acne,Acne Moisturizing Gel,Ahaglow Acne Control Moisturizing Gel 50gm,https://www.netmeds.com/prescriptions/ahaglow-acne-control-moisturizing-gel-50gm,"acne, acne tablets, acne capsule, acne soap, acne gel, acne cream, acne treatment, acne pills"
35381,Medicines,Acne,Acne Soap,Acne: Azac Soap 75gm,https://www.netmeds.com/prescriptions/azac-soap-75gm,"acne, acne tablets, acne capsule, acne soap, acne gel, acne cream, acne treatment, acne pills"
35382,Medicines,Acne,Acne Gel,Acne: Bengel AC 2.5% Gel 30gm,https://www.netmeds.com/prescriptions/bengel-ac-2-5-gel-30gm,"acne, acne tablets, acne capsule, acne soap, acne gel, acne cream, acne treatment, acne pills"
35383,Medicines,Acne,Acne Gel,Acne Faceclin AT Gel 15gm,https://www.netmeds.com/prescriptions/faceclin-at-gel-15gm,"acne, acne tablets, acne capsule, acne soap, acne gel, acne cream, acne treatment, acne pills"
35384,Medicines,Acne,Acne Capsule,Glotret Acne 10mg Tablet 10'S,https://www.netmeds.com/prescriptions/glotret-10mg-tablet-10-s,"acne, acne tablets, acne capsule, acne soap, acne gel, acne cream, acne treatment, acne pills"
35385,Medicines,Acne,Acne Gel,Glyaha Acne Lotion 50gm,https://www.netmeds.com/prescriptions/glyaha-lotion-50gm,"acne, acne tablets, acne capsule, acne soap, acne gel, acne cream, acne treatment, acne pills"
35386,Medicines,Acne,Acne Gel,Cligel Acne Gel 15gm,https://www.netmeds.com/prescriptions/cligel-a-gel-15gm,"acne, acne tablets, acne capsule, acne soap, acne gel, acne cream, acne treatment, acne pills"
35387,Medicines,Acne,Acne Cream,Acne: PROPISAL Ointment 30gm,https://www.netmeds.com/prescriptions/propisal-ointment-30gm,"acne, acne tablets, acne capsule, acne soap, acne gel, acne cream, acne treatment, acne pills"
35388,Medicines,Anaemia,Anaemia Tablets,Abdifer XT Anaemia Tablet 10'S,https://www.netmeds.com/prescriptions/abdifer-xt-tablet-10-s,"anaemia, anaemia pills, anaemia tablets, anaemia treatment"
35389,Medicines,Anaemia,Anaemia Tablets,Ferikind Anaemia Tablet 10'S,https://www.netmeds.com/prescriptions/ferikind-tablet-10-s,"anaemia, anaemia pills, anaemia tablets, anaemia treatment"
35390,Medicines,Anaemia,Anaemia Tablets,Anaemia Ferisome 30mg Tablet 10'S,https://www.netmeds.com/prescriptions/ferisome-30mg-tablet-10-s,"anaemia, anaemia pills, anaemia tablets, anaemia treatment"
35391,Medicines,Anaemia,Anaemia Tablets,Anaemia Premence Plus Capsule 15'S,https://www.netmeds.com/prescriptions/premence-plus-capsule-15-s,"anaemia, anaemia pills, anaemia tablets, anaemia treatment"
35392,Medicines,Anaemia,Anaemia Tablets,CHERI NEW Anaemia Capsule 15's,https://www.netmeds.com/prescriptions/cheri-new-capsule-15s,"anaemia, anaemia pills, anaemia tablets, anaemia treatment"
35393,Medicines,Anaemia,Anaemia Syrup,Orofer Anaemia Syrup 150ml,https://www.netmeds.com/prescriptions/orofer-syrup-150ml,"anaemia, anaemia pills, anaemia tablets, anaemia treatment"
35394,Medicines,Anaemia,Anaemia Tablets,Panlord D Anaemia Tablet 10'S,https://www.netmeds.com/prescriptions/panlord-d-tablet-10-s,"anaemia, anaemia pills, anaemia tablets, anaemia treatment"
35395,Medicines,Anaemia,Anaemia Tablets,Anaemia APALE Tablet 10's,https://www.netmeds.com/prescriptions/apale-tablet-10s,"anaemia, anaemia pills, anaemia tablets, anaemia treatment"
35396,Medicines,Anaemia,Anaemia Tablets,Matilda AF Anaemia Capsule 10'S,https://www.netmeds.com/prescriptions/matilda-af-capsule-10-s,"anaemia, anaemia pills, anaemia tablets, anaemia treatment"
35397,Medicines,Anaemia,Anaemia Tablets,Livogen XT Anaemia Tablet 10'S,https://www.netmeds.com/prescriptions/livogen-xt-tablet-10-s,"anaemia, anaemia pills, anaemia tablets, anaemia treatment"
35398,Medicines,Arthritis,Arthritis Tablets,Arthritis ACTIS C2 FORTE Tablet 10's,https://www.netmeds.com/prescriptions/actis-c2-forte-tablet-10s,"arthritis, arthritis pills, arthritis tablets, arthritis capsules"
35399,Medicines,Arthritis,Arthritis Tablets,BARINAT Arthritis 1mg Tablet 14's,https://www.netmeds.com/prescriptions/barinat-1mg-tablet-14s,"arthritis, arthritis pills, arthritis tablets, arthritis capsules"
35400,Medicines,Arthritis,Arthritis Tablets,INFLA JOINT Arthritis Tablet 10's,https://www.netmeds.com/prescriptions/infla-joint-tablet-10s,"arthritis, arthritis pills, arthritis tablets, arthritis capsules"
35401,Medicines,Arthritis,Arthritis Tablets,Arthritis Mienta 50mg Capsule 10'S,https://www.netmeds.com/prescriptions/mienta-50mg-capsule-10-s,"arthritis, arthritis pills, arthritis tablets, arthritis capsules"
35402,Medicines,Arthritis,Arthritis Tablets,MONTEFLOW Arthritis Tablet 10's,https://www.netmeds.com/prescriptions/monteflow-tablet-10s,"arthritis, arthritis pills, arthritis tablets, arthritis capsules"
35403,Medicines,Arthritis,Arthritis Tablets,Orcerin Arthritis 50mg Capsule 10'S,https://www.netmeds.com/prescriptions/orcerin-50mg-capsule-10-s,"arthritis, arthritis pills, arthritis tablets, arthritis capsules"
35404,Medicines,Arthritis,Arthritis Tablets,Rumalef Arthritis 20mg Tablet 30'S,https://www.netmeds.com/prescriptions/rumalef-20mg-tablet-30-s,"arthritis, arthritis pills, arthritis tablets, arthritis capsules"
35405,Medicines,Asthma/COPD,Asthma Inhalers,Formonide 100 Asthma Inhaler 120Md,https://www.netmeds.com/prescriptions/formonide-100-inhaler-120md,"asthma, asthma inhaler, inhaler, inhalers, asthma tablets, asthma pills, asthma capsule, asthma inhalers"
35406,Medicines,Asthma/COPD,Asthma Inhalers,Formost 400 Asthma Inhaler 120Md,https://www.netmeds.com/prescriptions/formost-400-inhaler-120md,"asthma, asthma inhaler, inhaler, inhalers, asthma tablets, asthma pills, asthma capsule, asthma inhalers"
35407,Medicines,Asthma/COPD,Asthma Inhalers,Quikhale FB 200mg Asthma Inhaler 120Md,https://www.netmeds.com/prescriptions/quikhale-fb-200mg-inhaler-120md,"asthma, asthma inhaler, inhaler, inhalers, asthma tablets, asthma pills, asthma capsule, asthma inhalers"
35408,Medicines,Asthma/COPD,Asthma Tablets,Salbetol Asthma 2mg Tablet 10'S,https://www.netmeds.com/prescriptions/salbetol-2mg-tablet-10-s,"asthma, asthma inhaler, inhaler, inhalers, asthma tablets, asthma pills, asthma capsule, asthma inhalers"
35409,Medicines,Asthma/COPD,Asthma Inhalers,Sequadra 110mcg/50mcg Asthma Inhaler 1's,https://www.netmeds.com/prescriptions/sequadra-110mcg-50mcg-inhaler,"asthma, asthma inhaler, inhaler, inhalers, asthma tablets, asthma pills, asthma capsule, asthma inhalers"
35410,Medicines,Asthma/COPD,Asthma Tablets,Asthma Asthalin 2mg Tablet 30'S,https://www.netmeds.com/prescriptions/asthalin-2mg-tablet-30-s,"asthma, asthma inhaler, inhaler, inhalers, asthma tablets, asthma pills, asthma capsule, asthma inhalers"
35411,Medicines,Asthma/COPD,Asthma Inhalers,Asthalin Asthma Inhaler 200Md,https://www.netmeds.com/prescriptions/asthalin-inhaler-200md,"asthma, asthma inhaler, inhaler, inhalers, asthma tablets, asthma pills, asthma capsule, asthma inhalers"
35412,Medicines,Bacterial Infections,Infection Tablets,Norflox Bacterial Infection 400mg Tablet 10'S ,https://www.netmeds.com/prescriptions/norflox-400mg-tablet-10-s,"bacterial infections, bacterial infection tablets, infection tablet, infection pills, infection tablet, infection pill, bacterial infection"
35413,Medicines,Bacterial Infections,Infection Tablets,Cifran OZ Bacterial Infection Tablet 10'S,https://www.netmeds.com/prescriptions/cifran-oz-tablet-10-s,"bacterial infections, bacterial infection tablets, infection tablet, infection pills, infection tablet, infection pill, bacterial infection"
35414,Medicines,Bacterial Infections,Infection Tablets,Ampoxin Kid Bacterial Infection 125mg Tablet 10'S,https://www.netmeds.com/prescriptions/ampoxin-kid-125mg-tablet-10-s,"bacterial infections, bacterial infection tablets, infection tablet, infection pills, infection tablet, infection pill, bacterial infection"
35415,Medicines,Bacterial Infections,Infection Tablets,RENEGUARD Bacterial Infection Tablet 10's,https://www.netmeds.com/prescriptions/reneguard-tablet-10s,"bacterial infections, bacterial infection tablets, infection tablet, infection pills, infection tablet, infection pill, bacterial infection"
35416,Medicines,Bacterial Infections,Infection Tablets,CEPAZINE 500mg Bacterial Infection Tablet 10's,https://www.netmeds.com/prescriptions/cepazine-500mg-tablet-10s,"bacterial infections, bacterial infection tablets, infection tablet, infection pills, infection tablet, infection pill, bacterial infection"
35417,Medicines,Bacterial Infections,Infection Tablets,MOXIBOND 625 Bacterial Infection Tablet 10's,https://www.netmeds.com/prescriptions/moxibond-625-tablet-10s,"bacterial infections, bacterial infection tablets, infection tablet, infection pills, infection tablet, infection pill, bacterial infection"
35418,Medicines,Bacterial Infections,Infection Tablets,NIMCEF Bacterial Infection Tablet 10's,https://www.netmeds.com/prescriptions/nimcef-tablet-10s,"bacterial infections, bacterial infection tablets, infection tablet, infection pills, infection tablet, infection pill, bacterial infection"
35419,Medicines,Constipation,Constipation Solution,Dulcoflex Constipation Tablet 10'S,https://www.netmeds.com/prescriptions/dulcoflex-tablet-10-s,"constipation, constipation solution, constipation tablet, ors"
35420,Medicines,Constipation,Constipation Solution,Emty Oral Solution 100ml Constipation,https://www.netmeds.com/prescriptions/emty-oral-solution-100ml,"constipation, constipation solution, constipation tablet, ors"
35421,Medicines,Constipation,Constipation Solution,FREELAC Constipation Solution 100ml,https://www.netmeds.com/prescriptions/freelac-solution-100ml,"constipation, constipation solution, constipation tablet, ors"
35422,Medicines,Constipation,Constipation Solution,Senasof Constipation Tablet 10'S,https://www.netmeds.com/prescriptions/senasof-tablet-10-s,"constipation, constipation solution, constipation tablet, ors"
35423,Medicines,Constipation,Constipation Solution,Constipation Coloprep Orange Flavour Kit 1's,https://www.netmeds.com/prescriptions/coloprep-orange-flavour-kit,"constipation, constipation solution, constipation tablet, ors"
35424,Medicines,Constipation,Constipation Solution,Dulfre 5mg Constipation Tablet 10'S,https://www.netmeds.com/prescriptions/dulfre-5mg-tablet-10-s,"constipation, constipation solution, constipation tablet, ors"
35425,Medicines,Constipation,Constipation Solution,Constipation Swiftolac Solution 150ml,https://www.netmeds.com/prescriptions/swiftolac-solution-150ml,"constipation, constipation solution, constipation tablet, ors"
35426,Medicines,Cough And Cold,Cough And Cold Syrups,Benadryl Cough Formula Syrup 450ml,https://www.netmeds.com/prescriptions/benadryl-cough-formula-syrup-450ml,"cough syrup, cough, cold, runny nose, cough tablet, cough cold, cough and cold, benadryl, cofsils, cold tablets, cold syrup, cough medicine"
35427,Medicines,Cough And Cold,Cough And Cold Syrups,Benadryl DR Dry Cough Active Relief Syrup 50ml,https://www.netmeds.com/prescriptions/benadryl-dr-syrup-50ml,"cough syrup, cough, cold, runny nose, cough tablet, cough cold, cough and cold, benadryl, cofsils, cold tablets, cold syrup, cough medicine"
35428,Medicines,Cough And Cold,Cough And Cold Syrups,Asthalin DX Cough Syrup 100ml,https://www.netmeds.com/prescriptions/asthalin-dx-syrup-100ml,"cough syrup, cough, cold, runny nose, cough tablet, cough cold, cough and cold, benadryl, cofsils, cold tablets, cold syrup, cough medicine"
35429,Medicines,Cough And Cold,Cough And Cold Syrups,ASCORIL Cough Syrup + Cold Tablet 15's,https://www.netmeds.com/prescriptions/ascoril--tablet-15s,"cough syrup, cough, cold, runny nose, cough tablet, cough cold, cough and cold, benadryl, cofsils, cold tablets, cold syrup, cough medicine"
35430,Medicines,Cough And Cold,Cough And Cold Syrups,SINAREST Cold AF NEW Syrup 75ml,https://www.netmeds.com/prescriptions/sinarest-af-syrup-75ml,"cough syrup, cough, cold, runny nose, cough tablet, cough cold, cough and cold, benadryl, cofsils, cold tablets, cold syrup, cough medicine"
35431,Medicines,Cough And Cold,Cough And Cold Syrups,Lorfast AM Cold Syrup 100ml,https://www.netmeds.com/prescriptions/lorfast-am-syrup-100ml,"cough syrup, cough, cold, runny nose, cough tablet, cough cold, cough and cold, benadryl, cofsils, cold tablets, cold syrup, cough medicine"
35432,Medicines,Cough And Cold,Cough And Cold Syrups,ALEX COLD BERRY FLAVOUR Cough Syrup 60ml,https://www.netmeds.com/prescriptions/alex-cold-berry-flavour-syrup-60ml,"cough syrup, cough, cold, runny nose, cough tablet, cough cold, cough and cold, benadryl, cofsils, cold tablets, cold syrup, cough medicine"
35433,Medicines,Cough And Cold,Cough And Cold Syrups,COFSILS DRY COUGH Syrup 100ml,https://www.netmeds.com/prescriptions/cofsils-dry-cough-syrup-100ml,"cough syrup, cough, cold, runny nose, cough tablet, cough cold, cough and cold, benadryl, cofsils, cold tablets, cold syrup, cough medicine"
35434,Medicines,Cough And Cold,Cough And Cold Syrups,COFSILS COUGH Syrup 100ml,https://www.netmeds.com/prescriptions/cofsils-cough-syrup-100ml,"cough syrup, cough, cold, runny nose, cough tablet, cough cold, cough and cold, benadryl, cofsils, cold tablets, cold syrup, cough medicine"
35435,Medicines,Dandruff,Dandruff Shampoos,NOSKURF Dandruff Lotion 150ml,https://www.netmeds.com/prescriptions/noskurf-lotion-150ml,"dandruff, dandruff shampoo, dandruff control, dandruff control shampoo, shampoo dandruff"
35436,Medicines,Dandruff,Dandruff Shampoos,Derketo Dandruff Shampoo 100ml,https://www.netmeds.com/prescriptions/derketo-shampoo-100ml,"dandruff, dandruff shampoo, dandruff control, dandruff control shampoo, shampoo dandruff"
35437,Medicines,Dandruff,Dandruff Shampoos,BELZOLE Dandruff Shampoo 60ml,https://www.netmeds.com/prescriptions/belzole-shampoo-60ml,"dandruff, dandruff shampoo, dandruff control, dandruff control shampoo, shampoo dandruff"
35438,Medicines,Dandruff,Dandruff Shampoos,OKDERM Dandruff Shampoo 100ml,https://www.netmeds.com/prescriptions/okderm-shampoo-100ml,"dandruff, dandruff shampoo, dandruff control, dandruff control shampoo, shampoo dandruff"
35439,Medicines,Dandruff,Dandruff Shampoos,Selsun Anti Dandruff Suspension 120ml,https://www.netmeds.com/prescriptions/selsun-suspension-120ml,"dandruff, dandruff shampoo, dandruff control, dandruff control shampoo, shampoo dandruff"
35440,Medicines,Dandruff,Dandruff Shampoos,Danclear Dandruff Shampoo 90ml,https://www.netmeds.com/prescriptions/danclear-shampoo-90ml,"dandruff, dandruff shampoo, dandruff control, dandruff control shampoo, shampoo dandruff"
35441,Medicines,Dandruff,Dandruff Shampoos,Novale Scalp Anti Dandruff 2% Lotion 75ml,https://www.netmeds.com/prescriptions/novale-scalp-2-lotion-75ml,"dandruff, dandruff shampoo, dandruff control, dandruff control shampoo, shampoo dandruff"
35442,Medicines,Diabetes,Diabetes Tablets,DAMITA M 10/1000 Diabetes Tablet 10's,https://www.netmeds.com/prescriptions/damita-m-10-1000-tablet-10s,"diabetes, diabetes medicine, diabetes tablets, diabetes pills, "
35443,Medicines,Diabetes,Diabetes Tablets,DAPARYL M 10/1000 Diabetes Tablet 10's,https://www.netmeds.com/prescriptions/daparyl-m-10-1000-tablet-10s,"diabetes, diabetes medicine, diabetes tablets, diabetes pills, "
35444,Medicines,Diabetes,Diabetes Tablets,Carbophage G1 Diabetes Tablet 10'S,https://www.netmeds.com/prescriptions/carbophage-g1-tablet-10-s,"diabetes, diabetes medicine, diabetes tablets, diabetes pills, "
35445,Medicines,Diabetes,Diabetes Tablets,GLUVILDA M 1000mg Diabetes Tablet 15's,https://www.netmeds.com/prescriptions/gluvilda-m-1000mg-tablet-15s,"diabetes, diabetes medicine, diabetes tablets, diabetes pills, "
35446,Medicines,Diabetes,Diabetes Tablets,DPO M 10/1000mg Diabetes Tablet 10's,https://www.netmeds.com/prescriptions/dpo-m-10-1000mg-tablet-10s,"diabetes, diabetes medicine, diabetes tablets, diabetes pills, "
35447,Medicines,Diabetes,Diabetes Tablets,ACVILDA 50 Diabetes Tablet 10's,https://www.netmeds.com/prescriptions/acvilda-50-tablet-10s,"diabetes, diabetes medicine, diabetes tablets, diabetes pills, "
35448,Medicines,Diabetes,Diabetes Tablets,ACVILDA M 1000 Diabetes Tablet 10's,https://www.netmeds.com/prescriptions/acvilda-m-1000-tablet-10s,"diabetes, diabetes medicine, diabetes tablets, diabetes pills, "
35449,Medicines,Digestion,Digestion Solution,SURGOLACT Oral Drops ors Digestion Solution 15ml,https://www.netmeds.com/prescriptions/surgolact-oral-drops-15ml,"digestion pills, ors, indigestion, digestion solution, digetion powder, indigestion sachet"
35450,Medicines,Digestion,Digestion Solution,MACTASE Drops ors Digestion Solution 15ml,https://www.netmeds.com/prescriptions/mactase-drops-15ml,"digestion pills, ors, indigestion, digestion solution, digetion powder, indigestion sachet"
35451,Medicines,Digestion,Digestion Solution,Pankreoflat Liquid ors Digestion Solution 100ml,https://www.netmeds.com/prescriptions/pankreoflat-liquid-100ml,"digestion pills, ors, indigestion, digestion solution, digetion powder, indigestion sachet"
35452,Medicines,Digestion,Digestion Solution,Digeplex T Digestion Solution Tablet 10'S,https://www.netmeds.com/prescriptions/digeplex-t-tablet-10-s,"digestion pills, ors, indigestion, digestion solution, digetion powder, indigestion sachet"
35453,Medicines,Digestion,Digestion Solution,Carmopeptin Drops ors Digestion Solution 15ml,https://www.netmeds.com/prescriptions/carmopeptin-drops-15ml,"digestion pills, ors, indigestion, digestion solution, digetion powder, indigestion sachet"
35454,Medicines,Digestion,Digestion Solution,ARISTOZYME GOLD Digestion Solution Tablet 10's,https://www.netmeds.com/prescriptions/aristozyme-gold-tablet-10s,"digestion pills, ors, indigestion, digestion solution, digetion powder, indigestion sachet"
35455,Medicines,Digestion,Digestion Solution,DIGIPEN Drops ors Digestion Solution 15ml,https://www.netmeds.com/prescriptions/digipen-drops-15ml,"digestion pills, ors, indigestion, digestion solution, digetion powder, indigestion sachet"
35456,Medicines,Dry Skin,Dry Skin Cream and Lotion,Efatop PE Dry Skin Lotion 100ml,https://www.netmeds.com/prescriptions/efatop-pe-lotion-100ml,"dry skin, dry skin cream, dry skin lotion, dry skin moisturizer, cream fo dry skin, lotion for dry skin"
35457,Medicines,Dry Skin,Dry Skin Cream and Lotion,Melascreen Dry Skin Cream 70gm,https://www.netmeds.com/prescriptions/melascreen-cream-70gm,"dry skin, dry skin cream, dry skin lotion, dry skin moisturizer, cream fo dry skin, lotion for dry skin"
35458,Medicines,Dry Skin,Dry Skin Cream and Lotion,MAXRICH E Dry Skin Cream 100gm,https://www.netmeds.com/prescriptions/maxrich-e-cream-100gm,"dry skin, dry skin cream, dry skin lotion, dry skin moisturizer, cream fo dry skin, lotion for dry skin"
35459,Medicines,Dry Skin,Dry Skin Cream and Lotion,Lozisoft Dry Skin Cream 100gm,https://www.netmeds.com/prescriptions/lozisoft-cream-100gm,"dry skin, dry skin cream, dry skin lotion, dry skin moisturizer, cream fo dry skin, lotion for dry skin"
35460,Medicines,Dry Skin,Dry Skin Cream and Lotion,LO BIOTOUCH Dry Skin Lotion 100ml,https://www.netmeds.com/prescriptions/lo-biotouch-lotion-100ml,"dry skin, dry skin cream, dry skin lotion, dry skin moisturizer, cream fo dry skin, lotion for dry skin"
35461,Medicines,Dry Skin,Dry Skin Cream and Lotion,ATARAX Dry Skin Cream 100gm,https://www.netmeds.com/prescriptions/atarax-cream-100gm,"dry skin, dry skin cream, dry skin lotion, dry skin moisturizer, cream fo dry skin, lotion for dry skin"
35462,Medicines,Dry Skin,Dry Skin Cream and Lotion,AQUREA HF Dry Skin Cream Gel 100gm,https://www.netmeds.com/prescriptions/aqurea-hf-cream-gel-100gm,"dry skin, dry skin cream, dry skin lotion, dry skin moisturizer, cream fo dry skin, lotion for dry skin"
35463,Medicines,Ear Conditions,Ear Drops,DREP WAX Ear Drops 10ml,https://www.netmeds.com/prescriptions/drep-wax-ear-drops-10ml,"ear drops, ear pain, ear drops for ear pain"
35464,Medicines,Ear Conditions,Ear Drops,SOFTWAX Ear Drops 10ml,https://www.netmeds.com/prescriptions/softwax-ear-drops-10ml,"ear drops, ear pain, ear drops for ear pain"
35465,Medicines,Ear Conditions,Ear Drops,EARWEL Ear Drops 5ml,https://www.netmeds.com/prescriptions/earwel-ear-drops-5ml,"ear drops, ear pain, ear drops for ear pain"
35466,Medicines,Ear Conditions,Ear Drops,OTOBIOTIC PLAIN EAR Drops 5ml,https://www.netmeds.com/prescriptions/otobiotic-ear-drops-5ml,"ear drops, ear pain, ear drops for ear pain"
35467,Medicines,Ear Conditions,Ear Drops,ACETIK Ear Drops 10ml,https://www.netmeds.com/prescriptions/acetik-ear-drops-10ml,"ear drops, ear pain, ear drops for ear pain"
35468,Medicines,Ear Conditions,Ear Drops,WAXSOFT Ear Drops 10ml,https://www.netmeds.com/prescriptions/waxsoft-drops-10ml,"ear drops, ear pain, ear drops for ear pain"
35469,Medicines,Ear Conditions,Ear Drops,OTOLIN Ear Drops 5ml,https://www.netmeds.com/prescriptions/otolin-ear-drops-5ml,"ear drops, ear pain, ear drops for ear pain"
35470,Medicines,Eye Infections,Eye Drops,MOTOGRAM Eye Drops 5ml,https://www.netmeds.com/prescriptions/motogram-eye-drops-5ml,"eye drops, eye infections, eye drop, eye infection"
35471,Medicines,Eye Infections,Eye Drops,4 QUIN KT Eye Drops 5ml,https://www.netmeds.com/prescriptions/4-quin-kt-eye-drops-5ml,"eye drops, eye infections, eye drop, eye infection"
35472,Medicines,Eye Infections,Eye Drops,BFN Eye Drops 5ml,https://www.netmeds.com/prescriptions/bfn-eye-drops-5ml,"eye drops, eye infections, eye drop, eye infection"
35473,Medicines,Eye Infections,Eye Drops,BIFLACE NEW Eye Drops 5ml,https://www.netmeds.com/prescriptions/biflace-new-eye-drops-5ml,"eye drops, eye infections, eye drop, eye infection"
35474,Medicines,Eye Infections,Eye Drops,Catagon Eye Drops 10ml,https://www.netmeds.com/prescriptions/catagon-eye-drops-10ml,"eye drops, eye infections, eye drop, eye infection"
35475,Medicines,Eye Infections,Eye Drops,NEZOLIN Eye Drops 10ml,https://www.netmeds.com/prescriptions/nezolin-eye-drops-10ml,"eye drops, eye infections, eye drop, eye infection"
35476,Medicines,Eye Infections,Eye Drops,Gflotas D Eye Drops 10ml,https://www.netmeds.com/prescriptions/gflotas-d-eye-drops-10ml,"eye drops, eye infections, eye drop, eye infection"
35477,Medicines,Fever,Fever Tablets and Syrups,Dolo 650mg Tablet 15'S for Fever,https://www.netmeds.com/prescriptions/dolo-650mg-tablet-15-s,"fever, fever pills, fever tablet, dolo, paracetamol, hogh fever, medicine for fever, fever syrup"
35478,Medicines,Fever,Fever Tablets and Syrups,PARACIP Fever 125MG SYRUP 60ML,https://www.netmeds.com/prescriptions/paracip-125mg-syrup-60ml,"fever, fever pills, fever tablet, dolo, paracetamol, hogh fever, medicine for fever, fever syrup"
35479,Medicines,Fever,Fever Tablets and Syrups,Paracip Fever 500mg Tablet 10'S,https://www.netmeds.com/prescriptions/paracip-500mg-tablet-10-s,"fever, fever pills, fever tablet, dolo, paracetamol, hogh fever, medicine for fever, fever syrup"
35480,Medicines,Fever,Fever Tablets and Syrups,Paracin Fever 650mg Tablet 10'S,https://www.netmeds.com/prescriptions/paracin-650mg-tablet-10-s,"fever, fever pills, fever tablet, dolo, paracetamol, hogh fever, medicine for fever, fever syrup"
35481,Medicines,Fever,Fever Tablets and Syrups,Fever REGAMOL 650 Tablet 10's,https://www.netmeds.com/prescriptions/regamol-650-tablet-10s,"fever, fever pills, fever tablet, dolo, paracetamol, hogh fever, medicine for fever, fever syrup"
35482,Medicines,Fever,Fever Tablets and Syrups,ADMOL Fever 1gm Tablet 10's,https://www.netmeds.com/prescriptions/admol-1gm-tablet-10s,"fever, fever pills, fever tablet, dolo, paracetamol, hogh fever, medicine for fever, fever syrup"
35483,Medicines,Fever,Fever Tablets and Syrups,Febrex Fever 500mg Tablet 15'S,https://www.netmeds.com/prescriptions/febrex-500mg-tablet-15-s,"fever, fever pills, fever tablet, dolo, paracetamol, hogh fever, medicine for fever, fever syrup"
35484,Medicines,Fever,Fever Tablets and Syrups,Pyrigesic Fever 500mg Tablet 10'S,https://www.netmeds.com/prescriptions/pyrigesic-500mg-tablet-10-s,"fever, fever pills, fever tablet, dolo, paracetamol, hogh fever, medicine for fever, fever syrup"
35485,Medicines,High Cholesterol,High Cholesterol Capsules,Novastat CV High Cholesterol 20mg Capsule 10'S,https://www.netmeds.com/prescriptions/novastat-cv-20mg-capsule-10-s,"cholesterol, high cholesterol, cholesterol control capsule, cholesterol control tablet, cholesterol tablet"
35486,Medicines,High Cholesterol,High Cholesterol Capsules,ADVASTAT GOLD High Cholesterol Capsule 10's,https://www.netmeds.com/prescriptions/advastat-gold-capsule-10s,"cholesterol, high cholesterol, cholesterol control capsule, cholesterol control tablet, cholesterol tablet"
35487,Medicines,High Cholesterol,High Cholesterol Capsules,Clopitab CV 20mg High Cholesterol Capsule 15'S,https://www.netmeds.com/prescriptions/clopitab-cv-20mg-capsule-15-s,"cholesterol, high cholesterol, cholesterol control capsule, cholesterol control tablet, cholesterol tablet"
35488,Medicines,High Cholesterol,High Cholesterol Capsules,Orvas 40mg High Cholesterol Tablet 10'S,https://www.netmeds.com/prescriptions/orvas-40mg-tablet-10-s,"cholesterol, high cholesterol, cholesterol control capsule, cholesterol control tablet, cholesterol tablet"
35489,Medicines,High Cholesterol,High Cholesterol Capsules,Arvast A 75mg High Cholesterol Capsule 10'S,https://www.netmeds.com/prescriptions/arvast-a-75mg-capsule-10-s,"cholesterol, high cholesterol, cholesterol control capsule, cholesterol control tablet, cholesterol tablet"
35490,Medicines,High Cholesterol,High Cholesterol Capsules,PLAROS 20mg High Cholesterol Tablet 10's,https://www.netmeds.com/prescriptions/plaros-20mg-tablet-10-s,"cholesterol, high cholesterol, cholesterol control capsule, cholesterol control tablet, cholesterol tablet"
35491,Medicines,High Cholesterol,High Cholesterol Capsules,Razel F 10mg High Cholesterol Tablet 15'S,https://www.netmeds.com/prescriptions/razel-f-10mg-tablet-15-s,"cholesterol, high cholesterol, cholesterol control capsule, cholesterol control tablet, cholesterol tablet"
35492,Medicines,Heart Failure,Heart Failure Tablets,IVAREST 5mg Tablet 10's for Heart Failiure Cradiac Arrest,https://www.netmeds.com/prescriptions/ivarest-5mg-tablet-10-s,"heart faliure, cardiac arrest, heart failure tablet, cardiac arrest tablet"
35493,Medicines,Heart Failure,Heart Failure Tablets,IVAMAX 5mg Tablet 10's for Heart Failiure Cradiac Arrest,https://www.netmeds.com/prescriptions/ivamax-5mg-tablet-10-s,"heart faliure, cardiac arrest, heart failure tablet, cardiac arrest tablet"
35494,Medicines,Heart Failure,Heart Failure Tablets,Ezuric 25mg Tablet 10'S for Heart Failiure Cradiac Arrest,https://www.netmeds.com/prescriptions/ezuric-25mg-tablet-10-s,"heart faliure, cardiac arrest, heart failure tablet, cardiac arrest tablet"
35495,Medicines,Heart Failure,Heart Failure Tablets,Vymada 50mg Tablet 14'S for Heart Failiure Cradiac Arrest,https://www.netmeds.com/prescriptions/vymada-50mg-tablet-14-s,"heart faliure, cardiac arrest, heart failure tablet, cardiac arrest tablet"
35496,Medicines,Heart Failure,Heart Failure Tablets,Resodim 15mg Tablet 4'S for Heart Failiure Cradiac Arrest,https://www.netmeds.com/prescriptions/resodim-15mg-tablet-4-s,"heart faliure, cardiac arrest, heart failure tablet, cardiac arrest tablet"
35497,Medicines,Heart Failure,Heart Failure Tablets,Azmarda 50mg Tablet 14'S for Heart Failiure Cradiac Arrest,https://www.netmeds.com/prescriptions/azmarda-50mg-tablet-14-s,"heart faliure, cardiac arrest, heart failure tablet, cardiac arrest tablet"
35498,Medicines,Heart Failure,Heart Failure Tablets,Cidmus 50mg Tablet 14'S for Heart Failiure Cradiac Arrest,https://www.netmeds.com/prescriptions/cidmus-50mg-tablet-14-s,"heart faliure, cardiac arrest, heart failure tablet, cardiac arrest tablet"
35499,Medicines,Nasal Congestion,Nasal Spray,NEZAFLO Nasal Spray 120md,https://www.netmeds.com/prescriptions/nezaflo-nasal-spray-120md,"nose spray, nasal spray, otrivion, nasivion, nose block spray, nasal congestion, nasal congestion spray, otrivion spray, nasivion spray"
35500,Medicines,Nasal Congestion,Nasal Spray,Nasivion Nasal Spray 10ml,https://www.netmeds.com/prescriptions/nasivion-nasal-spray-10ml,"nose spray, nasal spray, otrivion, nasivion, nose block spray, nasal congestion, nasal congestion spray, otrivion spray, nasivion spray"
35501,Medicines,Nasal Congestion,Nasal Spray,OTRIVIN MOISTURISING ADULT Nasal Drops Spary10ml,https://www.netmeds.com/prescriptions/otrivin-moisturising-adult-nasal-drops-10ml,"nose spray, nasal spray, otrivion, nasivion, nose block spray, nasal congestion, nasal congestion spray, otrivion spray, nasivion spray"
35502,Medicines,Nasal Congestion,Nasal Spray,Nasocom AZ Nasal Spray 70Md,https://www.netmeds.com/prescriptions/nasocom-az-nasal-spray-70md,"nose spray, nasal spray, otrivion, nasivion, nose block spray, nasal congestion, nasal congestion spray, otrivion spray, nasivion spray"
35503,Medicines,Nasal Congestion,Nasal Spray,Oxyspray Nasal Spray 10gm,https://www.netmeds.com/prescriptions/oxyspray-spray-10gm,"nose spray, nasal spray, otrivion, nasivion, nose block spray, nasal congestion, nasal congestion spray, otrivion spray, nasivion spray"
35504,Medicines,Nasal Congestion,Nasal Spray,Flutiflo Nasal Spray 10ml,https://www.netmeds.com/prescriptions/flutiflo-nasal-spray-10ml,"nose spray, nasal spray, otrivion, nasivion, nose block spray, nasal congestion, nasal congestion spray, otrivion spray, nasivion spray"
35505,Medicines,Nasal Congestion,Nasal Spray,Floresp Nasal Spray 1's,https://www.netmeds.com/prescriptions/floresp-nasal-spray,"nose spray, nasal spray, otrivion, nasivion, nose block spray, nasal congestion, nasal congestion spray, otrivion spray, nasivion spray"
35506,Medicines,Pain relief,Pain relief Gel and Tablets,DELFENAC Pain Relief TABLET 10'S,https://www.netmeds.com/prescriptions/delfenac-tablet-10-s,"pain relief gel, pain relief spray, pain relief tablet, pain gel, pain spray, pain ointment, pain relief, dfo gel, dynapar gel, crocin, crocin tablet, crocin pill "
35507,Medicines,Pain relief,Pain relief Gel and Tablets,DFO Pain Relief Gel 50gm,https://www.netmeds.com/prescriptions/dfo-gel-50gm,"pain relief gel, pain relief spray, pain relief tablet, pain gel, pain spray, pain ointment, pain relief, dfo gel, dynapar gel, crocin, crocin tablet, crocin pill "
35508,Medicines,Pain relief,Pain relief Gel and Tablets,Diclotal Forte Pain Relief Gel 30gm,https://www.netmeds.com/prescriptions/diclotal-forte-gel-30gm,"pain relief gel, pain relief spray, pain relief tablet, pain gel, pain spray, pain ointment, pain relief, dfo gel, dynapar gel, crocin, crocin tablet, crocin pill "
35509,Medicines,Pain relief,Pain relief Gel and Tablets,Dolostat SP Pain Relief Tablet 10'S,https://www.netmeds.com/prescriptions/dolostat-sp-tablet-10-s,"pain relief gel, pain relief spray, pain relief tablet, pain gel, pain spray, pain ointment, pain relief, dfo gel, dynapar gel, crocin, crocin tablet, crocin pill "
35510,Medicines,Pain relief,Pain relief Gel and Tablets,Dynapar Pain Relief Gel 30gm,https://www.netmeds.com/prescriptions/dynapar-gel-30gm,"pain relief gel, pain relief spray, pain relief tablet, pain gel, pain spray, pain ointment, pain relief, dfo gel, dynapar gel, crocin, crocin tablet, crocin pill "
35511,Medicines,Pain relief,Pain relief Gel and Tablets,DOTAFLAM Pain Relief Gel 30gm,https://www.netmeds.com/prescriptions/dotaflam-gel-30gm,"pain relief gel, pain relief spray, pain relief tablet, pain gel, pain spray, pain ointment, pain relief, dfo gel, dynapar gel, crocin, crocin tablet, crocin pill "
35512,Medicines,Pain relief,Pain relief Gel and Tablets,Crocin Pain Relief Tablet 15'S,https://www.netmeds.com/prescriptions/crocin-pain-relief-tablet-15-s,"pain relief gel, pain relief spray, pain relief tablet, pain gel, pain spray, pain ointment, pain relief, dfo gel, dynapar gel, crocin, crocin tablet, crocin pill "
35513,Medicines,Pain relief,Pain relief Gel and Tablets,Ketorol Pain Relief Gel 30gm,https://www.netmeds.com/prescriptions/ketorol-gel-30gm,"pain relief gel, pain relief spray, pain relief tablet, pain gel, pain spray, pain ointment, pain relief, dfo gel, dynapar gel, crocin, crocin tablet, crocin pill "
35514,Medicines,Pain relief,Pain relief Gel and Tablets,Goldpar Pain Relief Tablet 10'S,https://www.netmeds.com/prescriptions/goldpar-tablet-10-s,"pain relief gel, pain relief spray, pain relief tablet, pain gel, pain spray, pain ointment, pain relief, dfo gel, dynapar gel, crocin, crocin tablet, crocin pill "
35515,Medicines,Pain relief,Pain relief Gel and Tablets,Pain Relief NAPROSYN 250+ Tablet 10's,https://www.netmeds.com/prescriptions/naprosyn-250-tablet-10s,"pain relief gel, pain relief spray, pain relief tablet, pain gel, pain spray, pain ointment, pain relief, dfo gel, dynapar gel, crocin, crocin tablet, crocin pill "
35516,Medicines,Pain relief,Pain relief Gel and Tablets,NEORELAX SP Pain Relief Tablet 10's,https://www.netmeds.com/prescriptions/neorelax-sp-tablet-10s,"pain relief gel, pain relief spray, pain relief tablet, pain gel, pain spray, pain ointment, pain relief, dfo gel, dynapar gel, crocin, crocin tablet, crocin pill "
35517,Medicines,Skin Infections,Skin Infections Creams,Niosol Ointment 30gm for Skin Infection,https://www.netmeds.com/prescriptions/niosol-ointment-30gm,"skin infection, skin infection cream, skin treatment cream, skin cream, infection cream, antibacterial cream"
35518,Medicines,Skin Infections,Skin Infections Creams,Betnovate Cream 20gm for Skin Infection,https://www.netmeds.com/prescriptions/betnovate-cream-20gm,"skin infection, skin infection cream, skin treatment cream, skin cream, infection cream, antibacterial cream"
35519,Medicines,Skin Infections,Skin Infections Creams,Momerex F Cream 10gm for Skin Infection,https://www.netmeds.com/prescriptions/momerex-f-cream-10gm,"skin infection, skin infection cream, skin treatment cream, skin cream, infection cream, antibacterial cream"
35520,Medicines,Skin Infections,Skin Infections Creams,MOMEDERM Cream 20gm for Skin Infection,https://www.netmeds.com/prescriptions/momederm-cream-20gm,"skin infection, skin infection cream, skin treatment cream, skin cream, infection cream, antibacterial cream"
35521,Medicines,Skin Infections,Skin Infections Creams,Mfsone Cream 30gm for Skin Infection,https://www.netmeds.com/prescriptions/mfsone-cream-30gm,"skin infection, skin infection cream, skin treatment cream, skin cream, infection cream, antibacterial cream"
35522,Medicines,Skin Infections,Skin Infections Creams,Fourderm Cream 10gm for Skin Infection,https://www.netmeds.com/prescriptions/fourderm-cream-10gm,"skin infection, skin infection cream, skin treatment cream, skin cream, infection cream, antibacterial cream"
35523,Medicines,Skin Infections,Skin Infections Creams,Nadoxin A Gel 15gm for Skin Infection,https://www.netmeds.com/prescriptions/nadoxin-a-gel-15gm,"skin infection, skin infection cream, skin treatment cream, skin cream, infection cream, antibacterial cream"
35524,Medicines,Skin Infections,Skin Infections Creams,Topisal 6% Ointment 30gm for Skin Infection,https://www.netmeds.com/prescriptions/topisal-6-ointment-30gm,"skin infection, skin infection cream, skin treatment cream, skin cream, infection cream, antibacterial cream"
35525,Medicines,Viral infections,Viral infections Tablets,Microvir 250mg Tablet 3'S for Viral Fever Viral Infection,https://www.netmeds.com/prescriptions/microvir-250mg-tablet-3-s,"viral, viral fever, viral infection, viral fever tablet, viral infection tablet, viral tablet, medicine for viral fever"
35526,Medicines,Viral infections,Viral infections Tablets,Natclovir 250mg Capsule 10'S for Viral Fever Viral Infection,https://www.netmeds.com/prescriptions/natclovir-250mg-capsule-10-s,"viral, viral fever, viral infection, viral fever tablet, viral infection tablet, viral tablet, medicine for viral fever"
35527,Medicines,Viral infections,Viral infections Tablets,Penvir 250mg Tablet 6'Sfor Viral Fever Viral Infection,https://www.netmeds.com/prescriptions/penvir-250mg-tablet-6-s,"viral, viral fever, viral infection, viral fever tablet, viral infection tablet, viral tablet, medicine for viral fever"
35528,Medicines,Viral infections,Viral infections Tablets,Rivofonet 300mg Tablet 30'S for Viral Fever Viral Infection,https://www.netmeds.com/prescriptions/rivofonet-300mg-tablet-30-s,"viral, viral fever, viral infection, viral fever tablet, viral infection tablet, viral tablet, medicine for viral fever"
35529,Medicines,Viral infections,Viral infections Tablets,Zovirax 200mg Tablet 5'S for Viral Fever Viral Infection,https://www.netmeds.com/prescriptions/zovirax-200mg-tablet-5-s,"viral, viral fever, viral infection, viral fever tablet, viral infection tablet, viral tablet, medicine for viral fever"
35530,Medicines,Viral infections,Viral infections Tablets,Zimivir 500mg Tablet 3'S for Viral Fever Viral Infection,https://www.netmeds.com/prescriptions/zimivir-500mg-tablet-3-s,"viral, viral fever, viral infection, viral fever tablet, viral infection tablet, viral tablet, medicine for viral fever"
35531,Medicines,Viral infections,Viral infections Tablets,VALCLOVIR 500 Tablet 10's for Viral Fever Viral Infection,https://www.netmeds.com/prescriptions/valclovir-500-tablet-10s,"viral, viral fever, viral infection, viral fever tablet, viral infection tablet, viral tablet, medicine for viral fever"
35532,Medicines,Viral infections,Viral infections Tablets,TORFAVI 200 Tablet 10's for Viral Fever Viral Infection,https://www.netmeds.com/prescriptions/torfavi-200-tablet-10s,"viral, viral fever, viral infection, viral fever tablet, viral infection tablet, viral tablet, medicine for viral fever"
35533,Medicines,"Vomitting,Emesis",Vomitting Tablets,Vomistop 10mg Tablet 10'S for Vomitting,https://www.netmeds.com/prescriptions/vomistop-10mg-tablet-10-s,"vomitting, vomistop, vomitting stop, vomitting stop pill, vomitting stop tablet, vomit stop tablet, vomit control, vomitting tablet"
35534,Medicines,"Vomitting,Emesis",Vomitting Tablets,Ondamac MD Tablet 10'S for Vomitting,https://www.netmeds.com/prescriptions/ondamac-md-tablet-10-s,"vomitting, vomistop, vomitting stop, vomitting stop pill, vomitting stop tablet, vomit stop tablet, vomit control, vomitting tablet"
35535,Medicines,"Vomitting,Emesis",Vomitting Tablets,DOXIFIT Tablet 10's for Vomitting,netmeds.com/prescriptions/doxifit-tablet-10s,"vomitting, vomistop, vomitting stop, vomitting stop pill, vomitting stop tablet, vomit stop tablet, vomit control, vomitting tablet"
35536,Medicines,"Vomitting,Emesis",Vomitting Tablets,Zoftaron 2mg Drops 30ml for Vomitting,https://www.netmeds.com/prescriptions/zoftaron-2mg-drops-30ml,"vomitting, vomistop, vomitting stop, vomitting stop pill, vomitting stop tablet, vomit stop tablet, vomit control, vomitting tablet"
35537,Medicines,"Vomitting,Emesis",Vomitting Tablets,Nuavomin 4mg Tablet 10'S for Vomitting,https://www.netmeds.com/prescriptions/nuavomin-4mg-tablet-10-s,"vomitting, vomistop, vomitting stop, vomitting stop pill, vomitting stop tablet, vomit stop tablet, vomit control, vomitting tablet"
35538,Medicines,"Vomitting,Emesis",Vomitting Tablets,Chlorpromazine 100mg Tablet 10'S for Vomitting,https://www.netmeds.com/prescriptions/chlorpromazine-100mg-tablet-10-s,"vomitting, vomistop, vomitting stop, vomitting stop pill, vomitting stop tablet, vomit stop tablet, vomit control, vomitting tablet"
35539,Medicines,"Vomitting,Emesis",Vomitting Tablets,NVTAB Tablet 30's for Vomitting,https://www.netmeds.com/prescriptions/nvtab-tablet-30-s,"vomitting, vomistop, vomitting stop, vomitting stop pill, vomitting stop tablet, vomit stop tablet, vomit control, vomitting tablet"
35540,Medicines,"Vomitting,Emesis",Vomitting Tablets,Perinorm Tablet 10'S for Vomitting,https://www.netmeds.com/prescriptions/perinorm-tablet-10-s,"vomitting, vomistop, vomitting stop, vomitting stop pill, vomitting stop tablet, vomit stop tablet, vomit control, vomitting tablet"
